,Building Type,Additional Emissions Intensity Decrease Percent,Total Sq Footage,2020 Average GHGE Intensity kg^2/sq ft,2024-2027 Emissions (kg^2),2027-2030 GHGE Intensity (kg^2/sq ft),2027-2030 GHGE Emissions (kg^2),2031-2035 GHGE Intensity (kg^2/sq ft),2031-2035 GHGE Emissions (kg^2),2036-2040 GHGE Intensity (kg^2/sq ft),2036-2040 Emissions (kg^2),2041-2045 GHGE Intensity (kg^2/sq ft),2041-2045 Emissions (kg^2),2046- GHGE Intensity (kg^2/sq ft),2046- Emissions (kg^2)
0,Laboratory,0,1110149.0,7.699999999999999,25644441.9,6.78,30107240.880000003,4.79,26588068.55,2.79,15486578.55,0.0,0.0,0.0,0.0
1,Supermarket/Grocery Store,0,1916953.0,4.8297297297297295,27775094.683783785,3.54,27144054.48,2.5,23961912.5,1.46,13993756.899999999,0.0,0.0,0.0,0.0
2,Hospital,0,7028814.0,6.992307692307692,147442890.60000002,5.12,143950110.72,3.62,127221533.4,2.11,74153987.69999999,0.0,0.0,0.0,0.0
3,Restaurant,0,214717.0,5.414285714285714,3487617.5571428565,5.85,5024377.8,4.13,4433906.05,2.41,2587339.85,0.0,0.0,0.0,0.0
4,Fire/Police Station,0,250005.0,2.183333333333333,1637532.75,2.44,2440048.8,1.72,2150043.0,1.0,1250025.0,0.0,0.0,0.0,0.0
5,Recreation,0,1717834.0,3.1571428571428575,16270342.02857143,3.25,22331842.0,2.29,19669199.3,1.34,11509487.8,0.0,0.0,0.0,0.0
6,College/University,0,20314790.0,3.694736842105263,225173409.15789473,2.83,229963422.8,2.0,203147900.0,1.17,118841521.49999999,0.0,0.0,0.0,0.0
7,Senior Living Community,0,120852.0,2.8666666666666667,1039327.2000000001,2.12,1024824.9600000001,1.5,906390.0,0.87,525706.2000000001,0.0,0.0,0.0,0.0
8,Services,0,2661126.0,1.9156250000000001,15293158.481250001,1.46,15540975.84,1.03,13704798.900000002,0.6,7983377.999999999,0.0,0.0,0.0,0.0
9,Entertainment/Public Assembly,0,6758709.0,2.348076923076923,47609905.89807693,1.25,33793545.0,0.89,30076255.049999997,0.52,17572643.400000002,0.0,0.0,0.0,0.0
10,Other,0,34867285.0,1.1956422018348623,125066392.228211,2.13,297069268.2,1.51,263248001.75,0.88,153416054.0,0.0,0.0,0.0,0.0
11,Refrigerated Warehouse,0,998685.0,0.7692307692307693,2304657.6923076925,0.38,1518001.2,0.27,1348224.75,0.16,798948.0,0.0,0.0,0.0,0.0
12,Hotel,0,11825876.0,1.53125,54325117.875,2.22,105013778.88000001,1.57,92833126.6,0.91,53807735.8,0.0,0.0,0.0,0.0
13,Office,0,72154877.0,0.7252699784017279,156995298.250108,0.63,181830290.04,0.44,158740729.4,0.26,93801340.1,0.0,0.0,0.0,0.0
14,Retail Store,0,4786162.0,1.0945205479452056,15715657.964383561,0.91,17421629.68,0.64,15315718.4,0.38,9093707.8,0.0,0.0,0.0,0.0
15,Multifamily Housing,0,127818337.0,0.7061654948620877,270782697.60016227,0.71,363004077.08,0.65,415409595.25,0.46,293982175.1,0.27,172554754.95000002,0.0,0.0
16,K-12 School,0,11455031.0,1.2253521126760563,42109339.30985916,0.98,44903721.519999996,0.69,39519856.949999996,0.4,22910062.0,0.0,0.0,0.0,0.0
17,Worship Facility,0,2224925.0,1.3333333333333333,8899700.0,1.19,10590643.0,0.84,9344685.0,0.49,5451066.25,0.0,0.0,0.0,0.0
18,Self-Storage Facility,0,3716191.0,0.5725,6382558.0425,0.25,3716191.0,0.17,3158762.3500000006,0.1,1858095.5000000002,0.0,0.0,0.0,0.0
19,All Buildings,0,311941318.0,2.645008905101696,2475262691.93748,2.317894736842105,2892188556.7831573,1.6447368421052633,2565306891.4473686,0.9636842105263157,1503064613.8368418,0.014210526315789474,22164251.542105265,0.0,0.0
20,Laboratory,5,1110149.0,7.699999999999999,25644441.9,6.441,28601878.836,4.5504999999999995,25258665.122499995,2.6505,14712249.6225,0.0,0.0,0.0,0.0
21,Supermarket/Grocery Store,5,1916953.0,4.8297297297297295,27775094.683783785,3.363,25786851.756,2.375,22763816.875,1.387,13294069.055000002,0.0,0.0,0.0,0.0
22,Hospital,5,7028814.0,6.992307692307692,147442890.60000002,4.864,136752605.184,3.439,120860456.73,2.0044999999999997,70446288.315,0.0,0.0,0.0,0.0
23,Restaurant,5,214717.0,5.414285714285714,3487617.5571428565,5.557499999999999,4773158.909999999,3.9234999999999998,4212210.7475,2.2895,2457972.8575,0.0,0.0,0.0,0.0
24,Fire/Police Station,5,250005.0,2.183333333333333,1637532.75,2.318,2318046.36,1.634,2042540.8499999999,0.95,1187523.75,0.0,0.0,0.0,0.0
25,Recreation,5,1717834.0,3.1571428571428575,16270342.02857143,3.0875,21215249.9,2.1755,18685739.335,1.273,10934013.41,0.0,0.0,0.0,0.0
26,College/University,5,20314790.0,3.694736842105263,225173409.15789473,2.6885,218465251.66,1.9,192990505.0,1.1115,112899445.42499998,0.0,0.0,0.0,0.0
27,Senior Living Community,5,120852.0,2.8666666666666667,1039327.2000000001,2.014,973583.7119999999,1.4249999999999998,861070.4999999999,0.8265,499420.89,0.0,0.0,0.0,0.0
28,Services,5,2661126.0,1.9156250000000001,15293158.481250001,1.387,14763927.048,0.9784999999999999,13019558.954999998,0.57,7584209.1,0.0,0.0,0.0,0.0
29,Entertainment/Public Assembly,5,6758709.0,2.348076923076923,47609905.89807693,1.1875,32103867.75,0.8454999999999999,28572442.2975,0.494,16694011.229999999,0.0,0.0,0.0,0.0
30,Other,5,34867285.0,1.1956422018348623,125066392.228211,2.0235,282215804.78999996,1.4344999999999999,250085601.66249996,0.836,145745251.29999998,0.0,0.0,0.0,0.0
31,Refrigerated Warehouse,5,998685.0,0.7692307692307693,2304657.6923076925,0.361,1442101.14,0.2565,1280813.5125000002,0.152,759000.6,0.0,0.0,0.0,0.0
32,Hotel,5,11825876.0,1.53125,54325117.875,2.109,99763089.936,1.4915,88191470.27000001,0.8644999999999999,51117349.01,0.0,0.0,0.0,0.0
33,Office,5,72154877.0,0.7252699784017279,156995298.250108,0.5984999999999999,172738775.538,0.418,150803692.93,0.247,89111273.095,0.0,0.0,0.0,0.0
34,Retail Store,5,4786162.0,1.0945205479452056,15715657.964383561,0.8644999999999999,16550548.195999999,0.608,14549932.479999999,0.361,8639022.41,0.0,0.0,0.0,0.0
35,Multifamily Housing,5,127818337.0,0.7061654948620877,270782697.60016227,0.6745,344853873.226,0.6174999999999999,394639115.48749995,0.437,279283066.345,0.2565,163927017.20250002,0.0,0.0
36,K-12 School,5,11455031.0,1.2253521126760563,42109339.30985916,0.9309999999999999,42658535.444,0.6555,37543864.1025,0.38,21764558.900000002,0.0,0.0,0.0,0.0
37,Worship Facility,5,2224925.0,1.3333333333333333,8899700.0,1.1304999999999998,10061110.849999998,0.7979999999999999,8877450.75,0.46549999999999997,5178512.9375,0.0,0.0,0.0,0.0
38,Self-Storage Facility,5,3716191.0,0.5725,6382558.0425,0.2375,3530381.4499999997,0.1615,3000824.2325,0.095,1765190.725,0.0,0.0,0.0,0.0
39,All Buildings,5,311941318.0,2.645008905101696,2475262691.93748,2.2019999999999995,2747579128.9439993,1.5625,2437041546.875,0.9154999999999999,1427911383.1449997,0.0135,21056038.964999996,0.0,0.0
40,Laboratory,10,1110149.0,7.699999999999999,25644441.9,6.102,27096516.792000003,4.311,23929261.695,2.511,13937920.695,0.0,0.0,0.0,0.0
41,Supermarket/Grocery Store,10,1916953.0,4.8297297297297295,27775094.683783785,3.186,24429649.031999998,2.25,21565721.25,1.314,12594381.21,0.0,0.0,0.0,0.0
42,Hospital,10,7028814.0,6.992307692307692,147442890.60000002,4.6080000000000005,129555099.64800002,3.258,114499380.05999999,1.899,66738588.93,0.0,0.0,0.0,0.0
43,Restaurant,10,214717.0,5.414285714285714,3487617.5571428565,5.265,4521940.02,3.717,3990515.4450000003,2.169,2328605.865,0.0,0.0,0.0,0.0
44,Fire/Police Station,10,250005.0,2.183333333333333,1637532.75,2.196,2196043.9200000004,1.548,1935038.7,0.9,1125022.5,0.0,0.0,0.0,0.0
45,Recreation,10,1717834.0,3.1571428571428575,16270342.02857143,2.9250000000000003,20098657.8,2.061,17702279.369999997,1.2060000000000002,10358539.020000001,0.0,0.0,0.0,0.0
46,College/University,10,20314790.0,3.694736842105263,225173409.15789473,2.547,206967080.52,1.8,182833110.0,1.053,106957369.35,0.0,0.0,0.0,0.0
47,Senior Living Community,10,120852.0,2.8666666666666667,1039327.2000000001,1.9080000000000001,922342.464,1.35,815751.0,0.783,473135.5800000001,0.0,0.0,0.0,0.0
48,Services,10,2661126.0,1.9156250000000001,15293158.481250001,1.314,13986878.256000001,0.927,12334319.010000002,0.54,7185040.2,0.0,0.0,0.0,0.0
49,Entertainment/Public Assembly,10,6758709.0,2.348076923076923,47609905.89807693,1.125,30414190.5,0.801,27068629.545,0.468,15815379.060000002,0.0,0.0,0.0,0.0
50,Other,10,34867285.0,1.1956422018348623,125066392.228211,1.917,267362341.38,1.359,236923201.575,0.792,138074448.60000002,0.0,0.0,0.0,0.0
51,Refrigerated Warehouse,10,998685.0,0.7692307692307693,2304657.6923076925,0.342,1366201.08,0.24300000000000002,1213402.2750000001,0.14400000000000002,719053.2000000001,0.0,0.0,0.0,0.0
52,Hotel,10,11825876.0,1.53125,54325117.875,1.9980000000000002,94512400.99200001,1.413,83549813.94,0.8190000000000001,48426962.22,0.0,0.0,0.0,0.0
53,Office,10,72154877.0,0.7252699784017279,156995298.250108,0.5670000000000001,163647261.036,0.396,142866656.46,0.234,84421206.09,0.0,0.0,0.0,0.0
54,Retail Store,10,4786162.0,1.0945205479452056,15715657.964383561,0.8190000000000001,15679466.712000001,0.5760000000000001,13784146.560000002,0.342,8184337.0200000005,0.0,0.0,0.0,0.0
55,Multifamily Housing,10,127818337.0,0.7061654948620877,270782697.60016227,0.639,326703669.372,0.5850000000000001,373868635.725,0.41400000000000003,264583957.59000003,0.24300000000000002,155299279.455,0.0,0.0
56,K-12 School,10,11455031.0,1.2253521126760563,42109339.30985916,0.882,40413349.368,0.621,35567871.255,0.36000000000000004,20619055.800000004,0.0,0.0,0.0,0.0
57,Worship Facility,10,2224925.0,1.3333333333333333,8899700.0,1.071,9531578.7,0.756,8410216.5,0.441,4905959.625,0.0,0.0,0.0,0.0
58,Self-Storage Facility,10,3716191.0,0.5725,6382558.0425,0.225,3344571.9,0.15300000000000002,2842886.1150000007,0.09000000000000001,1672285.9500000002,0.0,0.0,0.0,0.0
59,All Buildings,10,311941318.0,2.645008905101696,2475262691.93748,2.0861052631578945,2602969701.1048417,1.480263157894737,2308776202.302632,0.8673157894736842,1352758152.453158,0.012789473684210526,19947826.387894735,0.0,0.0
60,Laboratory,15,1110149.0,7.699999999999999,25644441.9,5.763,25591154.748,4.0715,22599858.2675,2.3715,13163591.767500002,0.0,0.0,0.0,0.0
61,Supermarket/Grocery Store,15,1916953.0,4.8297297297297295,27775094.683783785,3.009,23072446.308,2.125,20367625.625,1.2409999999999999,11894693.365,0.0,0.0,0.0,0.0
62,Hospital,15,7028814.0,6.992307692307692,147442890.60000002,4.352,122357594.112,3.077,108138303.39,1.7934999999999999,63030889.545,0.0,0.0,0.0,0.0
63,Restaurant,15,214717.0,5.414285714285714,3487617.5571428565,4.972499999999999,4270721.129999999,3.5105,3768820.1425,2.0485,2199238.8725000005,0.0,0.0,0.0,0.0
64,Fire/Police Station,15,250005.0,2.183333333333333,1637532.75,2.074,2074041.4799999997,1.462,1827536.55,0.85,1062521.25,0.0,0.0,0.0,0.0
65,Recreation,15,1717834.0,3.1571428571428575,16270342.02857143,2.7624999999999997,18982065.7,1.9465,16718819.405000001,1.139,9783064.629999999,0.0,0.0,0.0,0.0
66,College/University,15,20314790.0,3.694736842105263,225173409.15789473,2.4055,195468909.38,1.7,172675715.0,0.9944999999999999,101015293.27499999,0.0,0.0,0.0,0.0
67,Senior Living Community,15,120852.0,2.8666666666666667,1039327.2000000001,1.802,871101.216,1.275,770431.5,0.7394999999999999,446850.26999999996,0.0,0.0,0.0,0.0
68,Services,15,2661126.0,1.9156250000000001,15293158.481250001,1.2409999999999999,13209829.463999998,0.8755,11649079.065000001,0.51,6785871.3,0.0,0.0,0.0,0.0
69,Entertainment/Public Assembly,15,6758709.0,2.348076923076923,47609905.89807693,1.0625,28724513.25,0.7565,25564816.7925,0.442,14936746.89,0.0,0.0,0.0,0.0
70,Other,15,34867285.0,1.1956422018348623,125066392.228211,1.8104999999999998,252508877.96999997,1.2834999999999999,223760801.48749995,0.748,130403645.9,0.0,0.0,0.0,0.0
71,Refrigerated Warehouse,15,998685.0,0.7692307692307693,2304657.6923076925,0.323,1290301.02,0.2295,1145991.0375,0.136,679105.8,0.0,0.0,0.0,0.0
72,Hotel,15,11825876.0,1.53125,54325117.875,1.887,89261712.04800001,1.3345,78908157.61,0.7735,45736575.42999999,0.0,0.0,0.0,0.0
73,Office,15,72154877.0,0.7252699784017279,156995298.250108,0.5355,154555746.53399998,0.374,134929619.99,0.221,79731139.085,0.0,0.0,0.0,0.0
74,Retail Store,15,4786162.0,1.0945205479452056,15715657.964383561,0.7735,14808385.228,0.544,13018360.64,0.323,7729651.630000001,0.0,0.0,0.0,0.0
75,Multifamily Housing,15,127818337.0,0.7061654948620877,270782697.60016227,0.6034999999999999,308553465.51799995,0.5525,353098155.9625,0.391,249884848.83500004,0.2295,146671541.7075,0.0,0.0
76,K-12 School,15,11455031.0,1.2253521126760563,42109339.30985916,0.833,38168163.291999996,0.5864999999999999,33591878.4075,0.34,19473552.700000003,0.0,0.0,0.0,0.0
77,Worship Facility,15,2224925.0,1.3333333333333333,8899700.0,1.0114999999999998,9002046.549999999,0.714,7942982.25,0.4165,4633406.3125,0.0,0.0,0.0,0.0
78,Self-Storage Facility,15,3716191.0,0.5725,6382558.0425,0.2125,3158762.35,0.14450000000000002,2684947.9975,0.085,1579381.1750000003,0.0,0.0,0.0,0.0
79,All Buildings,15,311941318.0,2.645008905101696,2475262691.93748,1.9702105263157892,2458360273.2656837,1.3980263157894737,2180510857.730263,0.8191315789473683,1277604921.7613156,0.012078947368421052,18839613.810789473,0.0,0.0
80,Laboratory,20,1110149.0,7.699999999999999,25644441.9,5.424,24085792.704,3.8320000000000003,21270454.840000004,2.232,12389262.840000002,0.0,0.0,0.0,0.0
81,Supermarket/Grocery Store,20,1916953.0,4.8297297297297295,27775094.683783785,2.8320000000000003,21715243.584000003,2.0,19169530.0,1.168,11195005.52,0.0,0.0,0.0,0.0
82,Hospital,20,7028814.0,6.992307692307692,147442890.60000002,4.096,115160088.576,2.8960000000000004,101777226.72000003,1.688,59323190.16,0.0,0.0,0.0,0.0
83,Restaurant,20,214717.0,5.414285714285714,3487617.5571428565,4.68,4019502.2399999998,3.3040000000000003,3547124.840000001,1.9280000000000002,2069871.8800000004,0.0,0.0,0.0,0.0
84,Fire/Police Station,20,250005.0,2.183333333333333,1637532.75,1.952,1952039.04,1.3760000000000001,1720034.4,0.8,1000020.0,0.0,0.0,0.0,0.0
85,Recreation,20,1717834.0,3.1571428571428575,16270342.02857143,2.6,17865473.6,1.832,15735359.440000001,1.072,9207590.24,0.0,0.0,0.0,0.0
86,College/University,20,20314790.0,3.694736842105263,225173409.15789473,2.2640000000000002,183970738.24,1.6,162518320.0,0.9359999999999999,95073217.19999999,0.0,0.0,0.0,0.0
87,Senior Living Community,20,120852.0,2.8666666666666667,1039327.2000000001,1.6960000000000002,819859.9680000001,1.2000000000000002,725112.0000000001,0.6960000000000001,420564.9600000001,0.0,0.0,0.0,0.0
88,Services,20,2661126.0,1.9156250000000001,15293158.481250001,1.168,12432780.671999998,0.8240000000000001,10963839.120000001,0.48,6386702.4,0.0,0.0,0.0,0.0
89,Entertainment/Public Assembly,20,6758709.0,2.348076923076923,47609905.89807693,1.0,27034836.0,0.7120000000000001,24061004.04,0.41600000000000004,14058114.72,0.0,0.0,0.0,0.0
90,Other,20,34867285.0,1.1956422018348623,125066392.228211,1.704,237655414.56,1.2080000000000002,210598401.40000004,0.7040000000000001,122732843.2,0.0,0.0,0.0,0.0
91,Refrigerated Warehouse,20,998685.0,0.7692307692307693,2304657.6923076925,0.30400000000000005,1214400.9600000002,0.21600000000000003,1078579.8,0.128,639158.4,0.0,0.0,0.0,0.0
92,Hotel,20,11825876.0,1.53125,54325117.875,1.7760000000000002,84011023.10400002,1.2560000000000002,74266501.28000002,0.7280000000000001,43046188.64000001,0.0,0.0,0.0,0.0
93,Office,20,72154877.0,0.7252699784017279,156995298.250108,0.504,145464232.032,0.35200000000000004,126992583.52000001,0.20800000000000002,75041072.08000001,0.0,0.0,0.0,0.0
94,Retail Store,20,4786162.0,1.0945205479452056,15715657.964383561,0.7280000000000001,13937303.744,0.512,12252574.72,0.30400000000000005,7274966.24,0.0,0.0,0.0,0.0
95,Multifamily Housing,20,127818337.0,0.7061654948620877,270782697.60016227,0.568,290403261.664,0.52,332327676.2,0.36800000000000005,235185740.08,0.21600000000000003,138043803.96,0.0,0.0
96,K-12 School,20,11455031.0,1.2253521126760563,42109339.30985916,0.784,35922977.216,0.5519999999999999,31615885.559999995,0.32000000000000006,18328049.600000005,0.0,0.0,0.0,0.0
97,Worship Facility,20,2224925.0,1.3333333333333333,8899700.0,0.952,8472514.4,0.672,7475748.0,0.392,4360853.0,0.0,0.0,0.0,0.0
98,Self-Storage Facility,20,3716191.0,0.5725,6382558.0425,0.2,2972952.8000000003,0.136,2527009.88,0.08000000000000002,1486476.4000000004,0.0,0.0,0.0,0.0
99,All Buildings,20,311941318.0,2.645008905101696,2475262691.93748,1.8543157894736841,2313750845.426526,1.3157894736842106,2052245513.1578948,0.7709473684210526,1202451691.0694737,0.01136842105263158,17731401.233684212,0.0,0.0
100,Laboratory,25,1110149.0,7.699999999999999,25644441.9,5.085,22580430.66,3.5925000000000002,19941051.4125,2.0925000000000002,11614933.912500001,0.0,0.0,0.0,0.0
101,Supermarket/Grocery Store,25,1916953.0,4.8297297297297295,27775094.683783785,2.6550000000000002,20358040.860000003,1.875,17971434.375,1.095,10495317.675,0.0,0.0,0.0,0.0
102,Hospital,25,7028814.0,6.992307692307692,147442890.60000002,3.84,107962583.03999999,2.715,95416150.04999998,1.5825,55615490.775,0.0,0.0,0.0,0.0
103,Restaurant,25,214717.0,5.414285714285714,3487617.5571428565,4.387499999999999,3768283.349999999,3.0975,3325429.5375000006,1.8075,1940504.8875000002,0.0,0.0,0.0,0.0
104,Fire/Police Station,25,250005.0,2.183333333333333,1637532.75,1.83,1830036.6,1.29,1612532.25,0.75,937518.75,0.0,0.0,0.0,0.0
105,Recreation,25,1717834.0,3.1571428571428575,16270342.02857143,2.4375,16748881.5,1.7175,14751899.475,1.0050000000000001,8632115.850000001,0.0,0.0,0.0,0.0
106,College/University,25,20314790.0,3.694736842105263,225173409.15789473,2.1225,172472567.1,1.5,152360925.0,0.8775,89131141.12499999,0.0,0.0,0.0,0.0
107,Senior Living Community,25,120852.0,2.8666666666666667,1039327.2000000001,1.59,768618.7200000001,1.125,679792.5,0.6525,394279.64999999997,0.0,0.0,0.0,0.0
108,Services,25,2661126.0,1.9156250000000001,15293158.481250001,1.095,11655731.879999999,0.7725,10278599.175,0.44999999999999996,5987533.5,0.0,0.0,0.0,0.0
109,Entertainment/Public Assembly,25,6758709.0,2.348076923076923,47609905.89807693,0.9375,25345158.75,0.6675,22557191.2875,0.39,13179482.55,0.0,0.0,0.0,0.0
110,Other,25,34867285.0,1.1956422018348623,125066392.228211,1.5975,222801951.14999998,1.1325,197436001.3125,0.66,115062040.5,0.0,0.0,0.0,0.0
111,Refrigerated Warehouse,25,998685.0,0.7692307692307693,2304657.6923076925,0.28500000000000003,1138500.9000000001,0.2025,1011168.5625000001,0.12,599211.0,0.0,0.0,0.0,0.0
112,Hotel,25,11825876.0,1.53125,54325117.875,1.665,78760334.16,1.1775,69624844.95,0.6825,40355801.85,0.0,0.0,0.0,0.0
113,Office,25,72154877.0,0.7252699784017279,156995298.250108,0.47250000000000003,136372717.53,0.33,119055547.05,0.195,70351005.075,0.0,0.0,0.0,0.0
114,Retail Store,25,4786162.0,1.0945205479452056,15715657.964383561,0.6825,13066222.26,0.48,11486788.799999999,0.28500000000000003,6820280.850000001,0.0,0.0,0.0,0.0
115,Multifamily Housing,25,127818337.0,0.7061654948620877,270782697.60016227,0.5325,272253057.81,0.48750000000000004,311557196.43750006,0.34500000000000003,220486631.325,0.2025,129416066.21250002,0.0,0.0
116,K-12 School,25,11455031.0,1.2253521126760563,42109339.30985916,0.735,33677791.14,0.5175,29639892.7125,0.30000000000000004,17182546.5,0.0,0.0,0.0,0.0
117,Worship Facility,25,2224925.0,1.3333333333333333,8899700.0,0.8925,7942982.25,0.63,7008513.75,0.3675,4088299.6875,0.0,0.0,0.0,0.0
118,Self-Storage Facility,25,3716191.0,0.5725,6382558.0425,0.1875,2787143.25,0.1275,2369071.7625,0.07500000000000001,1393571.6250000005,0.0,0.0,0.0,0.0
119,All Buildings,25,311941318.0,2.645008905101696,2475262691.93748,1.7384210526315789,2169141417.5873685,1.2335526315789473,1923980168.5855265,0.7227631578947368,1127298460.3776314,0.010657894736842106,16623188.656578949,0.0,0.0
120,Laboratory,30,1110149.0,7.699999999999999,25644441.9,4.7459999999999996,21075068.615999997,3.3529999999999998,18611647.985,1.9529999999999998,10840604.985,0.0,0.0,0.0,0.0
121,Supermarket/Grocery Store,30,1916953.0,4.8297297297297295,27775094.683783785,2.4779999999999998,19000838.136,1.75,16773338.75,1.022,9795629.83,0.0,0.0,0.0,0.0
122,Hospital,30,7028814.0,6.992307692307692,147442890.60000002,3.5839999999999996,100765077.504,2.534,89055073.38,1.4769999999999999,51907791.38999999,0.0,0.0,0.0,0.0
123,Restaurant,30,214717.0,5.414285714285714,3487617.5571428565,4.095,3517064.46,2.8909999999999996,3103734.235,1.687,1811137.895,0.0,0.0,0.0,0.0
124,Fire/Police Station,30,250005.0,2.183333333333333,1637532.75,1.708,1708034.16,1.204,1505030.1,0.7,875017.5,0.0,0.0,0.0,0.0
125,Recreation,30,1717834.0,3.1571428571428575,16270342.02857143,2.275,15632289.399999999,1.603,13768439.509999998,0.938,8056641.459999999,0.0,0.0,0.0,0.0
126,College/University,30,20314790.0,3.694736842105263,225173409.15789473,1.9809999999999999,160974395.95999998,1.4,142203530.0,0.819,83189065.05,0.0,0.0,0.0,0.0
127,Senior Living Community,30,120852.0,2.8666666666666667,1039327.2000000001,1.484,717377.472,1.0499999999999998,634472.9999999999,0.609,367994.34,0.0,0.0,0.0,0.0
128,Services,30,2661126.0,1.9156250000000001,15293158.481250001,1.022,10878683.088,0.721,9593359.23,0.42,5588364.6,0.0,0.0,0.0,0.0
129,Entertainment/Public Assembly,30,6758709.0,2.348076923076923,47609905.89807693,0.875,23655481.5,0.623,21053378.535000004,0.364,12300850.379999999,0.0,0.0,0.0,0.0
130,Other,30,34867285.0,1.1956422018348623,125066392.228211,1.4909999999999999,207948487.73999998,1.057,184273601.225,0.616,107391237.8,0.0,0.0,0.0,0.0
131,Refrigerated Warehouse,30,998685.0,0.7692307692307693,2304657.6923076925,0.26599999999999996,1062600.8399999999,0.189,943757.325,0.11199999999999999,559263.6,0.0,0.0,0.0,0.0
132,Hotel,30,11825876.0,1.53125,54325117.875,1.554,73509645.216,1.099,64983188.62,0.637,37665415.06,0.0,0.0,0.0,0.0
133,Office,30,72154877.0,0.7252699784017279,156995298.250108,0.44099999999999995,127281203.02799998,0.308,111118510.58,0.182,65660938.07,0.0,0.0,0.0,0.0
134,Retail Store,30,4786162.0,1.0945205479452056,15715657.964383561,0.637,12195140.776,0.44799999999999995,10721002.879999999,0.26599999999999996,6365595.459999999,0.0,0.0,0.0,0.0
135,Multifamily Housing,30,127818337.0,0.7061654948620877,270782697.60016227,0.49699999999999994,254102853.95599997,0.45499999999999996,290786716.67499995,0.322,205787522.57,0.189,120788328.465,0.0,0.0
136,K-12 School,30,11455031.0,1.2253521126760563,42109339.30985916,0.6859999999999999,31432605.063999996,0.48299999999999993,27663899.864999995,0.27999999999999997,16037043.399999999,0.0,0.0,0.0,0.0
137,Worship Facility,30,2224925.0,1.3333333333333333,8899700.0,0.833,7413450.1,0.588,6541279.5,0.34299999999999997,3815746.3749999995,0.0,0.0,0.0,0.0
138,Self-Storage Facility,30,3716191.0,0.5725,6382558.0425,0.175,2601333.6999999997,0.119,2211133.645,0.06999999999999999,1300666.8499999999,0.0,0.0,0.0,0.0
139,All Buildings,30,311941318.0,2.645008905101696,2475262691.93748,1.6225263157894734,2024531989.7482102,1.1513157894736843,1795714824.013158,0.674578947368421,1052145229.6857893,0.009947368421052632,15514976.079473684,0.0,0.0
140,Laboratory,35,1110149.0,7.699999999999999,25644441.9,4.407,19569706.572,3.1135,17282244.5575,1.8135000000000001,10066276.057500001,0.0,0.0,0.0,0.0
141,Supermarket/Grocery Store,35,1916953.0,4.8297297297297295,27775094.683783785,2.301,17643635.412,1.625,15575243.125,0.949,9095941.985,0.0,0.0,0.0,0.0
142,Hospital,35,7028814.0,6.992307692307692,147442890.60000002,3.3280000000000003,93567571.96800001,2.353,82693996.71000001,1.3715,48200092.004999995,0.0,0.0,0.0,0.0
143,Restaurant,35,214717.0,5.414285714285714,3487617.5571428565,3.8024999999999998,3265845.57,2.6845,2882038.9324999996,1.5665000000000002,1681770.9025000003,0.0,0.0,0.0,0.0
144,Fire/Police Station,35,250005.0,2.183333333333333,1637532.75,1.586,1586031.72,1.118,1397527.9500000002,0.65,812516.25,0.0,0.0,0.0,0.0
145,Recreation,35,1717834.0,3.1571428571428575,16270342.02857143,2.1125000000000003,14515697.300000003,1.4885000000000002,12784979.545000002,0.8710000000000001,7481167.07,0.0,0.0,0.0,0.0
146,College/University,35,20314790.0,3.694736842105263,225173409.15789473,1.8395000000000001,149476224.82000002,1.3,132046135.0,0.7605,77246988.975,0.0,0.0,0.0,0.0
147,Senior Living Community,35,120852.0,2.8666666666666667,1039327.2000000001,1.3780000000000001,666136.224,0.9750000000000001,589153.5,0.5655,341709.02999999997,0.0,0.0,0.0,0.0
148,Services,35,2661126.0,1.9156250000000001,15293158.481250001,0.949,10101634.296,0.6695000000000001,8908119.285000002,0.39,5189195.7,0.0,0.0,0.0,0.0
149,Entertainment/Public Assembly,35,6758709.0,2.348076923076923,47609905.89807693,0.8125,21965804.25,0.5785,19549565.7825,0.338,11422218.21,0.0,0.0,0.0,0.0
150,Other,35,34867285.0,1.1956422018348623,125066392.228211,1.3845,193095024.33,0.9815,171111201.1375,0.5720000000000001,99720435.10000002,0.0,0.0,0.0,0.0
151,Refrigerated Warehouse,35,998685.0,0.7692307692307693,2304657.6923076925,0.24700000000000003,986700.7800000001,0.17550000000000002,876346.0875000001,0.10400000000000001,519316.2,0.0,0.0,0.0,0.0
152,Hotel,35,11825876.0,1.53125,54325117.875,1.4430000000000003,68258956.27200001,1.0205000000000002,60341532.290000014,0.5915,34975028.27,0.0,0.0,0.0,0.0
153,Office,35,72154877.0,0.7252699784017279,156995298.250108,0.40950000000000003,118189688.52600001,0.28600000000000003,103181474.11,0.169,60970871.065000005,0.0,0.0,0.0,0.0
154,Retail Store,35,4786162.0,1.0945205479452056,15715657.964383561,0.5915,11324059.292000001,0.41600000000000004,9955216.96,0.24700000000000003,5910910.070000001,0.0,0.0,0.0,0.0
155,Multifamily Housing,35,127818337.0,0.7061654948620877,270782697.60016227,0.46149999999999997,235952650.10199997,0.42250000000000004,270016236.9125,0.29900000000000004,191088413.81500003,0.17550000000000002,112160590.71750002,0.0,0.0
156,K-12 School,35,11455031.0,1.2253521126760563,42109339.30985916,0.637,29187418.988,0.44849999999999995,25687907.017499994,0.26,14891540.3,0.0,0.0,0.0,0.0
157,Worship Facility,35,2224925.0,1.3333333333333333,8899700.0,0.7735,6883917.949999999,0.546,6074045.25,0.3185,3543193.0625,0.0,0.0,0.0,0.0
158,Self-Storage Facility,35,3716191.0,0.5725,6382558.0425,0.1625,2415524.15,0.11050000000000001,2053195.5275000003,0.065,1207762.075,0.0,0.0,0.0,0.0
159,All Buildings,35,311941318.0,2.645008905101696,2475262691.93748,1.5066315789473683,1879922561.9090526,1.0690789473684212,1667449479.4407897,0.6263947368421052,976991998.9939474,0.009236842105263158,14406763.502368422,0.0,0.0
160,Laboratory,40,1110149.0,7.699999999999999,25644441.9,4.068,18064344.527999997,2.874,15952841.13,1.674,9291947.129999999,0.0,0.0,0.0,0.0
161,Supermarket/Grocery Store,40,1916953.0,4.8297297297297295,27775094.683783785,2.124,16286432.688000001,1.5,14377147.5,0.876,8396254.14,0.0,0.0,0.0,0.0
162,Hospital,40,7028814.0,6.992307692307692,147442890.60000002,3.072,86370066.432,2.172,76332920.04,1.2659999999999998,44492392.61999999,0.0,0.0,0.0,0.0
163,Restaurant,40,214717.0,5.414285714285714,3487617.5571428565,3.51,3014626.6799999997,2.4779999999999998,2660343.6299999994,1.446,1552403.9100000001,0.0,0.0,0.0,0.0
164,Fire/Police Station,40,250005.0,2.183333333333333,1637532.75,1.464,1464029.28,1.032,1290025.8,0.6,750015.0,0.0,0.0,0.0,0.0
165,Recreation,40,1717834.0,3.1571428571428575,16270342.02857143,1.95,13399105.2,1.3739999999999999,11801519.579999998,0.804,6905692.680000001,0.0,0.0,0.0,0.0
166,College/University,40,20314790.0,3.694736842105263,225173409.15789473,1.698,137978053.68,1.2,121888740.0,0.702,71304912.89999999,0.0,0.0,0.0,0.0
167,Senior Living Community,40,120852.0,2.8666666666666667,1039327.2000000001,1.272,614894.976,0.8999999999999999,543834.0,0.522,315423.72,0.0,0.0,0.0,0.0
168,Services,40,2661126.0,1.9156250000000001,15293158.481250001,0.876,9324585.504,0.618,8222879.34,0.36,4790026.8,0.0,0.0,0.0,0.0
169,Entertainment/Public Assembly,40,6758709.0,2.348076923076923,47609905.89807693,0.75,20276127.0,0.534,18045753.03,0.312,10543586.040000001,0.0,0.0,0.0,0.0
170,Other,40,34867285.0,1.1956422018348623,125066392.228211,1.2779999999999998,178241560.92,0.9059999999999999,157948801.04999998,0.528,92049632.4,0.0,0.0,0.0,0.0
171,Refrigerated Warehouse,40,998685.0,0.7692307692307693,2304657.6923076925,0.22799999999999998,910800.72,0.162,808934.85,0.096,479368.8,0.0,0.0,0.0,0.0
172,Hotel,40,11825876.0,1.53125,54325117.875,1.332,63008267.328,0.942,55699875.96,0.546,32284641.48,0.0,0.0,0.0,0.0
173,Office,40,72154877.0,0.7252699784017279,156995298.250108,0.378,109098174.024,0.264,95244437.64,0.156,56280804.06,0.0,0.0,0.0,0.0
174,Retail Store,40,4786162.0,1.0945205479452056,15715657.964383561,0.546,10452977.808,0.384,9189431.040000001,0.22799999999999998,5456224.68,0.0,0.0,0.0,0.0
175,Multifamily Housing,40,127818337.0,0.7061654948620877,270782697.60016227,0.426,217802446.248,0.39,249245757.15,0.276,176389305.06,0.162,103532852.97,0.0,0.0
176,K-12 School,40,11455031.0,1.2253521126760563,42109339.30985916,0.588,26942232.911999997,0.414,23711914.169999998,0.24,13746037.2,0.0,0.0,0.0,0.0
177,Worship Facility,40,2224925.0,1.3333333333333333,8899700.0,0.714,6354385.8,0.504,5606811.0,0.294,3270639.75,0.0,0.0,0.0,0.0
178,Self-Storage Facility,40,3716191.0,0.5725,6382558.0425,0.15,2229714.6,0.10200000000000001,1895257.4100000001,0.06,1114857.3,0.0,0.0,0.0,0.0
179,All Buildings,40,311941318.0,2.645008905101696,2475262691.93748,1.390736842105263,1735313134.0698946,0.986842105263158,1539184134.8684213,0.5782105263157894,901838768.3021051,0.008526315789473684,13298550.925263157,0.0,0.0
180,Laboratory,45,1110149.0,7.699999999999999,25644441.9,3.7290000000000005,16558982.484000003,2.6345,14623437.7025,1.5345000000000002,8517618.2025,0.0,0.0,0.0,0.0
181,Supermarket/Grocery Store,45,1916953.0,4.8297297297297295,27775094.683783785,1.9470000000000003,14929229.964000002,1.375,13179051.875,0.803,7696566.295,0.0,0.0,0.0,0.0
182,Hospital,45,7028814.0,6.992307692307692,147442890.60000002,2.8160000000000003,79172560.89600001,1.9910000000000003,69971843.37,1.1605,40784693.23500001,0.0,0.0,0.0,0.0
183,Restaurant,45,214717.0,5.414285714285714,3487617.5571428565,3.2175000000000002,2763407.79,2.2715,2438648.3275,1.3255000000000001,1423036.9175000002,0.0,0.0,0.0,0.0
184,Fire/Police Station,45,250005.0,2.183333333333333,1637532.75,1.342,1342026.84,0.9460000000000001,1182523.6500000001,0.55,687513.75,0.0,0.0,0.0,0.0
185,Recreation,45,1717834.0,3.1571428571428575,16270342.02857143,1.7875,12282513.100000001,1.2595,10818059.615,0.7370000000000001,6330218.290000001,0.0,0.0,0.0,0.0
186,College/University,45,20314790.0,3.694736842105263,225173409.15789473,1.5565000000000002,126479882.54000002,1.1,111731345.0,0.6435,65362836.82499999,0.0,0.0,0.0,0.0
187,Senior Living Community,45,120852.0,2.8666666666666667,1039327.2000000001,1.1660000000000001,563653.7280000001,0.8250000000000001,498514.50000000006,0.47850000000000004,289138.41000000003,0.0,0.0,0.0,0.0
188,Services,45,2661126.0,1.9156250000000001,15293158.481250001,0.803,8547536.712000001,0.5665000000000001,7537639.395000001,0.33,4390857.9,0.0,0.0,0.0,0.0
189,Entertainment/Public Assembly,45,6758709.0,2.348076923076923,47609905.89807693,0.6875,18586449.75,0.48950000000000005,16541940.277500002,0.28600000000000003,9664953.870000001,0.0,0.0,0.0,0.0
190,Other,45,34867285.0,1.1956422018348623,125066392.228211,1.1715,163388097.51,0.8305000000000001,144786400.9625,0.48400000000000004,84378829.7,0.0,0.0,0.0,0.0
191,Refrigerated Warehouse,45,998685.0,0.7692307692307693,2304657.6923076925,0.20900000000000002,834900.66,0.14850000000000002,741523.6125000002,0.08800000000000001,439421.4000000001,0.0,0.0,0.0,0.0
192,Hotel,45,11825876.0,1.53125,54325117.875,1.2210000000000003,57757578.38400002,0.8635000000000002,51058219.63000001,0.5005000000000001,29594254.690000005,0.0,0.0,0.0,0.0
193,Office,45,72154877.0,0.7252699784017279,156995298.250108,0.34650000000000003,100006659.52200001,0.24200000000000002,87307401.17,0.14300000000000002,51590737.055,0.0,0.0,0.0,0.0
194,Retail Store,45,4786162.0,1.0945205479452056,15715657.964383561,0.5005000000000001,9581896.324000001,0.35200000000000004,8423645.120000001,0.20900000000000002,5001539.290000001,0.0,0.0,0.0,0.0
195,Multifamily Housing,45,127818337.0,0.7061654948620877,270782697.60016227,0.3905,199652242.394,0.35750000000000004,228475277.38750005,0.25300000000000006,161690196.30500004,0.14850000000000002,94905115.22250003,0.0,0.0
196,K-12 School,45,11455031.0,1.2253521126760563,42109339.30985916,0.539,24697046.836000003,0.3795,21735921.322499998,0.22000000000000003,12600534.100000001,0.0,0.0,0.0,0.0
197,Worship Facility,45,2224925.0,1.3333333333333333,8899700.0,0.6545,5824853.649999999,0.462,5139576.75,0.2695,2998086.4375000005,0.0,0.0,0.0,0.0
198,Self-Storage Facility,45,3716191.0,0.5725,6382558.0425,0.1375,2043905.0500000003,0.09350000000000001,1737319.2925000002,0.05500000000000001,1021952.5250000001,0.0,0.0,0.0,0.0
199,All Buildings,45,311941318.0,2.645008905101696,2475262691.93748,1.2748421052631578,1590703706.2307367,0.9046052631578949,1410918790.296053,0.5300263157894737,826685537.6102631,0.007815789473684212,12190338.348157898,0.0,0.0
200,Laboratory,50,1110149.0,7.699999999999999,25644441.9,3.39,15053620.440000001,2.395,13294034.275,1.395,7743289.275,0.0,0.0,0.0,0.0
201,Supermarket/Grocery Store,50,1916953.0,4.8297297297297295,27775094.683783785,1.77,13572027.24,1.25,11980956.25,0.73,6996878.449999999,0.0,0.0,0.0,0.0
202,Hospital,50,7028814.0,6.992307692307692,147442890.60000002,2.56,71975055.36,1.81,63610766.7,1.055,37076993.849999994,0.0,0.0,0.0,0.0
203,Restaurant,50,214717.0,5.414285714285714,3487617.5571428565,2.925,2512188.9,2.065,2216953.025,1.205,1293669.925,0.0,0.0,0.0,0.0
204,Fire/Police Station,50,250005.0,2.183333333333333,1637532.75,1.22,1220024.4,0.86,1075021.5,0.5,625012.5,0.0,0.0,0.0,0.0
205,Recreation,50,1717834.0,3.1571428571428575,16270342.02857143,1.625,11165921.0,1.145,9834599.65,0.67,5754743.9,0.0,0.0,0.0,0.0
206,College/University,50,20314790.0,3.694736842105263,225173409.15789473,1.415,114981711.4,1.0,101573950.0,0.585,59420760.74999999,0.0,0.0,0.0,0.0
207,Senior Living Community,50,120852.0,2.8666666666666667,1039327.2000000001,1.06,512412.48000000004,0.75,453195.0,0.435,262853.10000000003,0.0,0.0,0.0,0.0
208,Services,50,2661126.0,1.9156250000000001,15293158.481250001,0.73,7770487.92,0.515,6852399.450000001,0.3,3991688.9999999995,0.0,0.0,0.0,0.0
209,Entertainment/Public Assembly,50,6758709.0,2.348076923076923,47609905.89807693,0.625,16896772.5,0.445,15038127.524999999,0.26,8786321.700000001,0.0,0.0,0.0,0.0
210,Other,50,34867285.0,1.1956422018348623,125066392.228211,1.065,148534634.1,0.755,131624000.875,0.44,76708027.0,0.0,0.0,0.0,0.0
211,Refrigerated Warehouse,50,998685.0,0.7692307692307693,2304657.6923076925,0.19,759000.6,0.135,674112.375,0.08,399474.0,0.0,0.0,0.0,0.0
212,Hotel,50,11825876.0,1.53125,54325117.875,1.11,52506889.440000005,0.785,46416563.3,0.455,26903867.9,0.0,0.0,0.0,0.0
213,Office,50,72154877.0,0.7252699784017279,156995298.250108,0.315,90915145.02,0.22,79370364.7,0.13,46900670.05,0.0,0.0,0.0,0.0
214,Retail Store,50,4786162.0,1.0945205479452056,15715657.964383561,0.455,8710814.84,0.32,7657859.2,0.19,4546853.9,0.0,0.0,0.0,0.0
215,Multifamily Housing,50,127818337.0,0.7061654948620877,270782697.60016227,0.355,181502038.54,0.325,207704797.625,0.23,146991087.55,0.135,86277377.47500001,0.0,0.0
216,K-12 School,50,11455031.0,1.2253521126760563,42109339.30985916,0.49,22451860.759999998,0.345,19759928.474999998,0.2,11455031.0,0.0,0.0,0.0,0.0
217,Worship Facility,50,2224925.0,1.3333333333333333,8899700.0,0.595,5295321.5,0.42,4672342.5,0.245,2725533.125,0.0,0.0,0.0,0.0
218,Self-Storage Facility,50,3716191.0,0.5725,6382558.0425,0.125,1858095.5,0.085,1579381.1750000003,0.05,929047.7500000001,0.0,0.0,0.0,0.0
219,All Buildings,50,311941318.0,2.645008905101696,2475262691.93748,1.1589473684210525,1446094278.3915787,0.8223684210526316,1282653445.7236843,0.48184210526315785,751532306.9184209,0.007105263157894737,11082125.771052632,0.0,0.0
220,Laboratory,55,1110149.0,7.699999999999999,25644441.9,3.051,13548258.396000002,2.1555,11964630.8475,1.2555,6968960.3475,0.0,0.0,0.0,0.0
221,Supermarket/Grocery Store,55,1916953.0,4.8297297297297295,27775094.683783785,1.593,12214824.515999999,1.125,10782860.625,0.657,6297190.605,0.0,0.0,0.0,0.0
222,Hospital,55,7028814.0,6.992307692307692,147442890.60000002,2.3040000000000003,64777549.82400001,1.629,57249690.029999994,0.9495,33369294.465,0.0,0.0,0.0,0.0
223,Restaurant,55,214717.0,5.414285714285714,3487617.5571428565,2.6325,2260970.01,1.8585,1995257.7225000001,1.0845,1164302.9325,0.0,0.0,0.0,0.0
224,Fire/Police Station,55,250005.0,2.183333333333333,1637532.75,1.098,1098021.9600000002,0.774,967519.35,0.45,562511.25,0.0,0.0,0.0,0.0
225,Recreation,55,1717834.0,3.1571428571428575,16270342.02857143,1.4625000000000001,10049328.9,1.0305,8851139.684999999,0.6030000000000001,5179269.510000001,0.0,0.0,0.0,0.0
226,College/University,55,20314790.0,3.694736842105263,225173409.15789473,1.2735,103483540.26,0.9,91416555.0,0.5265,53478684.675,0.0,0.0,0.0,0.0
227,Senior Living Community,55,120852.0,2.8666666666666667,1039327.2000000001,0.9540000000000001,461171.232,0.675,407875.5,0.3915,236567.79000000004,0.0,0.0,0.0,0.0
228,Services,55,2661126.0,1.9156250000000001,15293158.481250001,0.657,6993439.1280000005,0.4635,6167159.505000001,0.27,3592520.1,0.0,0.0,0.0,0.0
229,Entertainment/Public Assembly,55,6758709.0,2.348076923076923,47609905.89807693,0.5625,15207095.25,0.4005,13534314.7725,0.234,7907689.530000001,0.0,0.0,0.0,0.0
230,Other,55,34867285.0,1.1956422018348623,125066392.228211,0.9585,133681170.69,0.6795,118461600.7875,0.396,69037224.30000001,0.0,0.0,0.0,0.0
231,Refrigerated Warehouse,55,998685.0,0.7692307692307693,2304657.6923076925,0.171,683100.54,0.12150000000000001,606701.1375000001,0.07200000000000001,359526.60000000003,0.0,0.0,0.0,0.0
232,Hotel,55,11825876.0,1.53125,54325117.875,0.9990000000000001,47256200.49600001,0.7065,41774906.97,0.40950000000000003,24213481.11,0.0,0.0,0.0,0.0
233,Office,55,72154877.0,0.7252699784017279,156995298.250108,0.28350000000000003,81823630.518,0.198,71433328.23,0.117,42210603.045,0.0,0.0,0.0,0.0
234,Retail Store,55,4786162.0,1.0945205479452056,15715657.964383561,0.40950000000000003,7839733.356000001,0.28800000000000003,6892073.280000001,0.171,4092168.5100000002,0.0,0.0,0.0,0.0
235,Multifamily Housing,55,127818337.0,0.7061654948620877,270782697.60016227,0.3195,163351834.686,0.29250000000000004,186934317.8625,0.20700000000000002,132291978.79500002,0.12150000000000001,77649639.7275,0.0,0.0
236,K-12 School,55,11455031.0,1.2253521126760563,42109339.30985916,0.441,20206674.684,0.3105,17783935.6275,0.18000000000000002,10309527.900000002,0.0,0.0,0.0,0.0
237,Worship Facility,55,2224925.0,1.3333333333333333,8899700.0,0.5355,4765789.35,0.378,4205108.25,0.2205,2452979.8125,0.0,0.0,0.0,0.0
238,Self-Storage Facility,55,3716191.0,0.5725,6382558.0425,0.1125,1672285.95,0.07650000000000001,1421443.0575000003,0.045000000000000005,836142.9750000001,0.0,0.0,0.0,0.0
239,All Buildings,55,311941318.0,2.645008905101696,2475262691.93748,1.0430526315789472,1301484850.5524209,0.7401315789473685,1154388101.151316,0.4336578947368421,676379076.226579,0.006394736842105263,9973913.193947367,0.0,0.0
240,Laboratory,60,1110149.0,7.699999999999999,25644441.9,2.712,12042896.352,1.9160000000000001,10635227.420000002,1.116,6194631.420000001,0.0,0.0,0.0,0.0
241,Supermarket/Grocery Store,60,1916953.0,4.8297297297297295,27775094.683783785,1.4160000000000001,10857621.792000001,1.0,9584765.0,0.584,5597502.76,0.0,0.0,0.0,0.0
242,Hospital,60,7028814.0,6.992307692307692,147442890.60000002,2.048,57580044.288,1.4480000000000002,50888613.360000014,0.844,29661595.08,0.0,0.0,0.0,0.0
243,Restaurant,60,214717.0,5.414285714285714,3487617.5571428565,2.34,2009751.1199999999,1.6520000000000001,1773562.4200000004,0.9640000000000001,1034935.9400000002,0.0,0.0,0.0,0.0
244,Fire/Police Station,60,250005.0,2.183333333333333,1637532.75,0.976,976019.52,0.6880000000000001,860017.2,0.4,500010.0,0.0,0.0,0.0,0.0
245,Recreation,60,1717834.0,3.1571428571428575,16270342.02857143,1.3,8932736.8,0.916,7867679.720000001,0.536,4603795.12,0.0,0.0,0.0,0.0
246,College/University,60,20314790.0,3.694736842105263,225173409.15789473,1.1320000000000001,91985369.12,0.8,81259160.0,0.46799999999999997,47536608.599999994,0.0,0.0,0.0,0.0
247,Senior Living Community,60,120852.0,2.8666666666666667,1039327.2000000001,0.8480000000000001,409929.98400000005,0.6000000000000001,362556.00000000006,0.34800000000000003,210282.48000000004,0.0,0.0,0.0,0.0
248,Services,60,2661126.0,1.9156250000000001,15293158.481250001,0.584,6216390.335999999,0.41200000000000003,5481919.5600000005,0.24,3193351.2,0.0,0.0,0.0,0.0
249,Entertainment/Public Assembly,60,6758709.0,2.348076923076923,47609905.89807693,0.5,13517418.0,0.35600000000000004,12030502.02,0.20800000000000002,7029057.36,0.0,0.0,0.0,0.0
250,Other,60,34867285.0,1.1956422018348623,125066392.228211,0.852,118827707.28,0.6040000000000001,105299200.70000002,0.35200000000000004,61366421.6,0.0,0.0,0.0,0.0
251,Refrigerated Warehouse,60,998685.0,0.7692307692307693,2304657.6923076925,0.15200000000000002,607200.4800000001,0.10800000000000001,539289.9,0.064,319579.2,0.0,0.0,0.0,0.0
252,Hotel,60,11825876.0,1.53125,54325117.875,0.8880000000000001,42005511.55200001,0.6280000000000001,37133250.64000001,0.36400000000000005,21523094.320000004,0.0,0.0,0.0,0.0
253,Office,60,72154877.0,0.7252699784017279,156995298.250108,0.252,72732116.016,0.17600000000000002,63496291.760000005,0.10400000000000001,37520536.04000001,0.0,0.0,0.0,0.0
254,Retail Store,60,4786162.0,1.0945205479452056,15715657.964383561,0.36400000000000005,6968651.872,0.256,6126287.36,0.15200000000000002,3637483.12,0.0,0.0,0.0,0.0
255,Multifamily Housing,60,127818337.0,0.7061654948620877,270782697.60016227,0.284,145201630.832,0.26,166163838.1,0.18400000000000002,117592870.04,0.10800000000000001,69021901.98,0.0,0.0
256,K-12 School,60,11455031.0,1.2253521126760563,42109339.30985916,0.392,17961488.608,0.27599999999999997,15807942.779999997,0.16000000000000003,9164024.800000003,0.0,0.0,0.0,0.0
257,Worship Facility,60,2224925.0,1.3333333333333333,8899700.0,0.476,4236257.2,0.336,3737874.0,0.196,2180426.5,0.0,0.0,0.0,0.0
258,Self-Storage Facility,60,3716191.0,0.5725,6382558.0425,0.1,1486476.4000000001,0.068,1263504.94,0.04000000000000001,743238.2000000002,0.0,0.0,0.0,0.0
259,All Buildings,60,311941318.0,2.645008905101696,2475262691.93748,0.9271578947368421,1156875422.713263,0.6578947368421053,1026122756.5789474,0.3854736842105263,601225845.5347369,0.00568421052631579,8865700.616842106,0.0,0.0
260,Laboratory,65,1110149.0,7.699999999999999,25644441.9,2.3729999999999998,10537534.307999998,1.6764999999999999,9305823.9925,0.9764999999999999,5420302.4925,0.0,0.0,0.0,0.0
261,Supermarket/Grocery Store,65,1916953.0,4.8297297297297295,27775094.683783785,1.2389999999999999,9500419.068,0.875,8386669.375,0.511,4897814.915,0.0,0.0,0.0,0.0
262,Hospital,65,7028814.0,6.992307692307692,147442890.60000002,1.7919999999999998,50382538.752,1.267,44527536.69,0.7384999999999999,25953895.694999997,0.0,0.0,0.0,0.0
263,Restaurant,65,214717.0,5.414285714285714,3487617.5571428565,2.0475,1758532.23,1.4454999999999998,1551867.1175,0.8435,905568.9475,0.0,0.0,0.0,0.0
264,Fire/Police Station,65,250005.0,2.183333333333333,1637532.75,0.854,854017.08,0.602,752515.05,0.35,437508.75,0.0,0.0,0.0,0.0
265,Recreation,65,1717834.0,3.1571428571428575,16270342.02857143,1.1375,7816144.699999999,0.8015,6884219.754999999,0.469,4028320.7299999995,0.0,0.0,0.0,0.0
266,College/University,65,20314790.0,3.694736842105263,225173409.15789473,0.9904999999999999,80487197.97999999,0.7,71101765.0,0.4095,41594532.525,0.0,0.0,0.0,0.0
267,Senior Living Community,65,120852.0,2.8666666666666667,1039327.2000000001,0.742,358688.736,0.5249999999999999,317236.49999999994,0.3045,183997.17,0.0,0.0,0.0,0.0
268,Services,65,2661126.0,1.9156250000000001,15293158.481250001,0.511,5439341.544,0.3605,4796679.615,0.21,2794182.3,0.0,0.0,0.0,0.0
269,Entertainment/Public Assembly,65,6758709.0,2.348076923076923,47609905.89807693,0.4375,11827740.75,0.3115,10526689.267500002,0.182,6150425.1899999995,0.0,0.0,0.0,0.0
270,Other,65,34867285.0,1.1956422018348623,125066392.228211,0.7454999999999999,103974243.86999999,0.5285,92136800.6125,0.308,53695618.9,0.0,0.0,0.0,0.0
271,Refrigerated Warehouse,65,998685.0,0.7692307692307693,2304657.6923076925,0.13299999999999998,531300.4199999999,0.0945,471878.6625,0.055999999999999994,279631.8,0.0,0.0,0.0,0.0
272,Hotel,65,11825876.0,1.53125,54325117.875,0.777,36754822.608,0.5495,32491594.31,0.3185,18832707.53,0.0,0.0,0.0,0.0
273,Office,65,72154877.0,0.7252699784017279,156995298.250108,0.22049999999999997,63640601.51399999,0.154,55559255.29,0.091,32830469.035,0.0,0.0,0.0,0.0
274,Retail Store,65,4786162.0,1.0945205479452056,15715657.964383561,0.3185,6097570.388,0.22399999999999998,5360501.4399999995,0.13299999999999998,3182797.7299999995,0.0,0.0,0.0,0.0
275,Multifamily Housing,65,127818337.0,0.7061654948620877,270782697.60016227,0.24849999999999997,127051426.97799999,0.22749999999999998,145393358.33749998,0.161,102893761.285,0.0945,60394164.2325,0.0,0.0
276,K-12 School,65,11455031.0,1.2253521126760563,42109339.30985916,0.34299999999999997,15716302.531999998,0.24149999999999996,13831949.932499997,0.13999999999999999,8018521.699999999,0.0,0.0,0.0,0.0
277,Worship Facility,65,2224925.0,1.3333333333333333,8899700.0,0.4165,3706725.05,0.294,3270639.75,0.17149999999999999,1907873.1874999998,0.0,0.0,0.0,0.0
278,Self-Storage Facility,65,3716191.0,0.5725,6382558.0425,0.0875,1300666.8499999999,0.0595,1105566.8225,0.034999999999999996,650333.4249999999,0.0,0.0,0.0,0.0
279,All Buildings,65,311941318.0,2.645008905101696,2475262691.93748,0.8112631578947367,1012265994.8741051,0.5756578947368421,897857412.006579,0.3372894736842105,526072614.8428947,0.004973684210526316,7757488.039736842,0.0,0.0
280,Laboratory,70,1110149.0,7.699999999999999,25644441.9,2.034,9032172.263999999,1.437,7976420.565,0.837,4645973.5649999995,0.0,0.0,0.0,0.0
281,Supermarket/Grocery Store,70,1916953.0,4.8297297297297295,27775094.683783785,1.062,8143216.3440000005,0.75,7188573.75,0.438,4198127.07,0.0,0.0,0.0,0.0
282,Hospital,70,7028814.0,6.992307692307692,147442890.60000002,1.536,43185033.216,1.086,38166460.02,0.6329999999999999,22246196.309999995,0.0,0.0,0.0,0.0
283,Restaurant,70,214717.0,5.414285714285714,3487617.5571428565,1.755,1507313.3399999999,1.2389999999999999,1330171.8149999997,0.723,776201.9550000001,0.0,0.0,0.0,0.0
284,Fire/Police Station,70,250005.0,2.183333333333333,1637532.75,0.732,732014.64,0.516,645012.9,0.3,375007.5,0.0,0.0,0.0,0.0
285,Recreation,70,1717834.0,3.1571428571428575,16270342.02857143,0.975,6699552.6,0.6869999999999999,5900759.789999999,0.402,3452846.3400000003,0.0,0.0,0.0,0.0
286,College/University,70,20314790.0,3.694736842105263,225173409.15789473,0.849,68989026.84,0.6,60944370.0,0.351,35652456.449999996,0.0,0.0,0.0,0.0
287,Senior Living Community,70,120852.0,2.8666666666666667,1039327.2000000001,0.636,307447.488,0.44999999999999996,271917.0,0.261,157711.86,0.0,0.0,0.0,0.0
288,Services,70,2661126.0,1.9156250000000001,15293158.481250001,0.438,4662292.752,0.309,4111439.67,0.18,2395013.4,0.0,0.0,0.0,0.0
289,Entertainment/Public Assembly,70,6758709.0,2.348076923076923,47609905.89807693,0.375,10138063.5,0.267,9022876.515,0.156,5271793.0200000005,0.0,0.0,0.0,0.0
290,Other,70,34867285.0,1.1956422018348623,125066392.228211,0.6389999999999999,89120780.46,0.45299999999999996,78974400.52499999,0.264,46024816.2,0.0,0.0,0.0,0.0
291,Refrigerated Warehouse,70,998685.0,0.7692307692307693,2304657.6923076925,0.11399999999999999,455400.36,0.081,404467.425,0.048,239684.4,0.0,0.0,0.0,0.0
292,Hotel,70,11825876.0,1.53125,54325117.875,0.666,31504133.664,0.471,27849937.98,0.273,16142320.74,0.0,0.0,0.0,0.0
293,Office,70,72154877.0,0.7252699784017279,156995298.250108,0.189,54549087.012,0.132,47622218.82,0.078,28140402.03,0.0,0.0,0.0,0.0
294,Retail Store,70,4786162.0,1.0945205479452056,15715657.964383561,0.273,5226488.904,0.192,4594715.5200000005,0.11399999999999999,2728112.34,0.0,0.0,0.0,0.0
295,Multifamily Housing,70,127818337.0,0.7061654948620877,270782697.60016227,0.213,108901223.124,0.195,124622878.575,0.138,88194652.53,0.081,51766426.485,0.0,0.0
296,K-12 School,70,11455031.0,1.2253521126760563,42109339.30985916,0.294,13471116.455999998,0.207,11855957.084999999,0.12,6873018.6,0.0,0.0,0.0,0.0
297,Worship Facility,70,2224925.0,1.3333333333333333,8899700.0,0.357,3177192.9,0.252,2803405.5,0.147,1635319.875,0.0,0.0,0.0,0.0
298,Self-Storage Facility,70,3716191.0,0.5725,6382558.0425,0.075,1114857.3,0.051000000000000004,947628.7050000001,0.03,557428.65,0.0,0.0,0.0,0.0
299,All Buildings,70,311941318.0,2.645008905101696,2475262691.93748,0.6953684210526315,867656567.0349473,0.493421052631579,769592067.4342107,0.2891052631578947,450919384.15105253,0.004263157894736842,6649275.462631579,0.0,0.0
300,Laboratory,75,1110149.0,7.699999999999999,25644441.9,1.695,7526810.220000001,1.1975,6647017.1375,0.6975,3871644.6375,0.0,0.0,0.0,0.0
301,Supermarket/Grocery Store,75,1916953.0,4.8297297297297295,27775094.683783785,0.885,6786013.62,0.625,5990478.125,0.365,3498439.2249999996,0.0,0.0,0.0,0.0
302,Hospital,75,7028814.0,6.992307692307692,147442890.60000002,1.28,35987527.68,0.905,31805383.35,0.5275,18538496.924999997,0.0,0.0,0.0,0.0
303,Restaurant,75,214717.0,5.414285714285714,3487617.5571428565,1.4625,1256094.45,1.0325,1108476.5125,0.6025,646834.9625,0.0,0.0,0.0,0.0
304,Fire/Police Station,75,250005.0,2.183333333333333,1637532.75,0.61,610012.2,0.43,537510.75,0.25,312506.25,0.0,0.0,0.0,0.0
305,Recreation,75,1717834.0,3.1571428571428575,16270342.02857143,0.8125,5582960.5,0.5725,4917299.825,0.335,2877371.95,0.0,0.0,0.0,0.0
306,College/University,75,20314790.0,3.694736842105263,225173409.15789473,0.7075,57490855.7,0.5,50786975.0,0.2925,29710380.374999996,0.0,0.0,0.0,0.0
307,Senior Living Community,75,120852.0,2.8666666666666667,1039327.2000000001,0.53,256206.24000000002,0.375,226597.5,0.2175,131426.55000000002,0.0,0.0,0.0,0.0
308,Services,75,2661126.0,1.9156250000000001,15293158.481250001,0.365,3885243.96,0.2575,3426199.7250000006,0.15,1995844.4999999998,0.0,0.0,0.0,0.0
309,Entertainment/Public Assembly,75,6758709.0,2.348076923076923,47609905.89807693,0.3125,8448386.25,0.2225,7519063.762499999,0.13,4393160.850000001,0.0,0.0,0.0,0.0
310,Other,75,34867285.0,1.1956422018348623,125066392.228211,0.5325,74267317.05,0.3775,65812000.4375,0.22,38354013.5,0.0,0.0,0.0,0.0
311,Refrigerated Warehouse,75,998685.0,0.7692307692307693,2304657.6923076925,0.095,379500.3,0.0675,337056.1875,0.04,199737.0,0.0,0.0,0.0,0.0
312,Hotel,75,11825876.0,1.53125,54325117.875,0.555,26253444.720000003,0.3925,23208281.65,0.2275,13451933.95,0.0,0.0,0.0,0.0
313,Office,75,72154877.0,0.7252699784017279,156995298.250108,0.1575,45457572.51,0.11,39685182.35,0.065,23450335.025,0.0,0.0,0.0,0.0
314,Retail Store,75,4786162.0,1.0945205479452056,15715657.964383561,0.2275,4355407.42,0.16,3828929.6,0.095,2273426.95,0.0,0.0,0.0,0.0
315,Multifamily Housing,75,127818337.0,0.7061654948620877,270782697.60016227,0.1775,90751019.27,0.1625,103852398.8125,0.115,73495543.775,0.0675,43138688.737500004,0.0,0.0
316,K-12 School,75,11455031.0,1.2253521126760563,42109339.30985916,0.245,11225930.379999999,0.1725,9879964.237499999,0.1,5727515.5,0.0,0.0,0.0,0.0
317,Worship Facility,75,2224925.0,1.3333333333333333,8899700.0,0.2975,2647660.75,0.21,2336171.25,0.1225,1362766.5625,0.0,0.0,0.0,0.0
318,Self-Storage Facility,75,3716191.0,0.5725,6382558.0425,0.0625,929047.75,0.0425,789690.5875000001,0.025,464523.87500000006,0.0,0.0,0.0,0.0
319,All Buildings,75,311941318.0,2.645008905101696,2475262691.93748,0.5794736842105263,723047139.1957893,0.4111842105263158,641326722.8618422,0.24092105263157892,375766153.45921046,0.0035526315789473684,5541062.885526316,0.0,0.0
320,Laboratory,80,1110149.0,7.699999999999999,25644441.9,1.356,6021448.176,0.9580000000000001,5317613.710000001,0.558,3097315.7100000004,0.0,0.0,0.0,0.0
321,Supermarket/Grocery Store,80,1916953.0,4.8297297297297295,27775094.683783785,0.7080000000000001,5428810.896000001,0.5,4792382.5,0.292,2798751.38,0.0,0.0,0.0,0.0
322,Hospital,80,7028814.0,6.992307692307692,147442890.60000002,1.024,28790022.144,0.7240000000000001,25444306.680000007,0.422,14830797.54,0.0,0.0,0.0,0.0
323,Restaurant,80,214717.0,5.414285714285714,3487617.5571428565,1.17,1004875.5599999999,0.8260000000000001,886781.2100000002,0.48200000000000004,517467.9700000001,0.0,0.0,0.0,0.0
324,Fire/Police Station,80,250005.0,2.183333333333333,1637532.75,0.488,488009.76,0.34400000000000003,430008.6,0.2,250005.0,0.0,0.0,0.0,0.0
325,Recreation,80,1717834.0,3.1571428571428575,16270342.02857143,0.65,4466368.4,0.458,3933839.8600000003,0.268,2301897.56,0.0,0.0,0.0,0.0
326,College/University,80,20314790.0,3.694736842105263,225173409.15789473,0.5660000000000001,45992684.56,0.4,40629580.0,0.23399999999999999,23768304.299999997,0.0,0.0,0.0,0.0
327,Senior Living Community,80,120852.0,2.8666666666666667,1039327.2000000001,0.42400000000000004,204964.99200000003,0.30000000000000004,181278.00000000003,0.17400000000000002,105141.24000000002,0.0,0.0,0.0,0.0
328,Services,80,2661126.0,1.9156250000000001,15293158.481250001,0.292,3108195.1679999996,0.20600000000000002,2740959.7800000003,0.12,1596675.6,0.0,0.0,0.0,0.0
329,Entertainment/Public Assembly,80,6758709.0,2.348076923076923,47609905.89807693,0.25,6758709.0,0.17800000000000002,6015251.01,0.10400000000000001,3514528.68,0.0,0.0,0.0,0.0
330,Other,80,34867285.0,1.1956422018348623,125066392.228211,0.426,59413853.64,0.30200000000000005,52649600.35000001,0.17600000000000002,30683210.8,0.0,0.0,0.0,0.0
331,Refrigerated Warehouse,80,998685.0,0.7692307692307693,2304657.6923076925,0.07600000000000001,303600.24000000005,0.054000000000000006,269644.95,0.032,159789.6,0.0,0.0,0.0,0.0
332,Hotel,80,11825876.0,1.53125,54325117.875,0.44400000000000006,21002755.776000004,0.31400000000000006,18566625.320000004,0.18200000000000002,10761547.160000002,0.0,0.0,0.0,0.0
333,Office,80,72154877.0,0.7252699784017279,156995298.250108,0.126,36366058.008,0.08800000000000001,31748145.880000003,0.052000000000000005,18760268.020000003,0.0,0.0,0.0,0.0
334,Retail Store,80,4786162.0,1.0945205479452056,15715657.964383561,0.18200000000000002,3484325.936,0.128,3063143.68,0.07600000000000001,1818741.56,0.0,0.0,0.0,0.0
335,Multifamily Housing,80,127818337.0,0.7061654948620877,270782697.60016227,0.142,72600815.416,0.13,83081919.05,0.09200000000000001,58796435.02,0.054000000000000006,34510950.99,0.0,0.0
336,K-12 School,80,11455031.0,1.2253521126760563,42109339.30985916,0.196,8980744.304,0.13799999999999998,7903971.389999999,0.08000000000000002,4582012.400000001,0.0,0.0,0.0,0.0
337,Worship Facility,80,2224925.0,1.3333333333333333,8899700.0,0.238,2118128.6,0.168,1868937.0,0.098,1090213.25,0.0,0.0,0.0,0.0
338,Self-Storage Facility,80,3716191.0,0.5725,6382558.0425,0.05,743238.2000000001,0.034,631752.47,0.020000000000000004,371619.1000000001,0.0,0.0,0.0,0.0
339,All Buildings,80,311941318.0,2.645008905101696,2475262691.93748,0.46357894736842103,578437711.3566315,0.32894736842105265,513061378.2894737,0.19273684210526315,300612922.76736844,0.002842105263157895,4432850.308421053,0.0,0.0
340,Laboratory,85,1110149.0,7.699999999999999,25644441.9,1.017,4516086.131999999,0.7185,3988210.2825,0.4185,2322986.7824999997,0.0,0.0,0.0,0.0
341,Supermarket/Grocery Store,85,1916953.0,4.8297297297297295,27775094.683783785,0.531,4071608.1720000003,0.375,3594286.875,0.219,2099063.535,0.0,0.0,0.0,0.0
342,Hospital,85,7028814.0,6.992307692307692,147442890.60000002,0.768,21592516.608,0.543,19083230.01,0.31649999999999995,11123098.154999997,0.0,0.0,0.0,0.0
343,Restaurant,85,214717.0,5.414285714285714,3487617.5571428565,0.8775,753656.6699999999,0.6194999999999999,665085.9074999999,0.3615,388100.97750000004,0.0,0.0,0.0,0.0
344,Fire/Police Station,85,250005.0,2.183333333333333,1637532.75,0.366,366007.32,0.258,322506.45,0.15,187503.75,0.0,0.0,0.0,0.0
345,Recreation,85,1717834.0,3.1571428571428575,16270342.02857143,0.4875,3349776.3,0.34349999999999997,2950379.8949999996,0.201,1726423.1700000002,0.0,0.0,0.0,0.0
346,College/University,85,20314790.0,3.694736842105263,225173409.15789473,0.4245,34494513.42,0.3,30472185.0,0.1755,17826228.224999998,0.0,0.0,0.0,0.0
347,Senior Living Community,85,120852.0,2.8666666666666667,1039327.2000000001,0.318,153723.744,0.22499999999999998,135958.5,0.1305,78855.93,0.0,0.0,0.0,0.0
348,Services,85,2661126.0,1.9156250000000001,15293158.481250001,0.219,2331146.376,0.1545,2055719.835,0.09,1197506.7,0.0,0.0,0.0,0.0
349,Entertainment/Public Assembly,85,6758709.0,2.348076923076923,47609905.89807693,0.1875,5069031.75,0.1335,4511438.2575,0.078,2635896.5100000002,0.0,0.0,0.0,0.0
350,Other,85,34867285.0,1.1956422018348623,125066392.228211,0.31949999999999995,44560390.23,0.22649999999999998,39487200.262499996,0.132,23012408.1,0.0,0.0,0.0,0.0
351,Refrigerated Warehouse,85,998685.0,0.7692307692307693,2304657.6923076925,0.056999999999999995,227700.18,0.0405,202233.7125,0.024,119842.2,0.0,0.0,0.0,0.0
352,Hotel,85,11825876.0,1.53125,54325117.875,0.333,15752066.832,0.2355,13924968.99,0.1365,8071160.37,0.0,0.0,0.0,0.0
353,Office,85,72154877.0,0.7252699784017279,156995298.250108,0.0945,27274543.506,0.066,23811109.41,0.039,14070201.015,0.0,0.0,0.0,0.0
354,Retail Store,85,4786162.0,1.0945205479452056,15715657.964383561,0.1365,2613244.452,0.096,2297357.7600000002,0.056999999999999995,1364056.17,0.0,0.0,0.0,0.0
355,Multifamily Housing,85,127818337.0,0.7061654948620877,270782697.60016227,0.1065,54450611.562,0.0975,62311439.2875,0.069,44097326.265,0.0405,25883213.2425,0.0,0.0
356,K-12 School,85,11455031.0,1.2253521126760563,42109339.30985916,0.147,6735558.227999999,0.1035,5927978.5424999995,0.06,3436509.3,0.0,0.0,0.0,0.0
357,Worship Facility,85,2224925.0,1.3333333333333333,8899700.0,0.1785,1588596.45,0.126,1401702.75,0.0735,817659.9375,0.0,0.0,0.0,0.0
358,Self-Storage Facility,85,3716191.0,0.5725,6382558.0425,0.0375,557428.65,0.025500000000000002,473814.35250000004,0.015,278714.325,0.0,0.0,0.0,0.0
359,All Buildings,85,311941318.0,2.645008905101696,2475262691.93748,0.34768421052631576,433828283.51747364,0.2467105263157895,384796033.7171053,0.14455263157894735,225459692.07552627,0.002131578947368421,3324637.7313157893,0.0,0.0
360,Laboratory,90,1110149.0,7.699999999999999,25644441.9,0.678,3010724.088,0.47900000000000004,2658806.8550000004,0.279,1548657.8550000002,0.0,0.0,0.0,0.0
361,Supermarket/Grocery Store,90,1916953.0,4.8297297297297295,27775094.683783785,0.35400000000000004,2714405.4480000003,0.25,2396191.25,0.146,1399375.69,0.0,0.0,0.0,0.0
362,Hospital,90,7028814.0,6.992307692307692,147442890.60000002,0.512,14395011.072,0.36200000000000004,12722153.340000004,0.211,7415398.77,0.0,0.0,0.0,0.0
363,Restaurant,90,214717.0,5.414285714285714,3487617.5571428565,0.585,502437.77999999997,0.41300000000000003,443390.6050000001,0.24100000000000002,258733.98500000004,0.0,0.0,0.0,0.0
364,Fire/Police Station,90,250005.0,2.183333333333333,1637532.75,0.244,244004.88,0.17200000000000001,215004.3,0.1,125002.5,0.0,0.0,0.0,0.0
365,Recreation,90,1717834.0,3.1571428571428575,16270342.02857143,0.325,2233184.2,0.229,1966919.9300000002,0.134,1150948.78,0.0,0.0,0.0,0.0
366,College/University,90,20314790.0,3.694736842105263,225173409.15789473,0.28300000000000003,22996342.28,0.2,20314790.0,0.11699999999999999,11884152.149999999,0.0,0.0,0.0,0.0
367,Senior Living Community,90,120852.0,2.8666666666666667,1039327.2000000001,0.21200000000000002,102482.49600000001,0.15000000000000002,90639.00000000001,0.08700000000000001,52570.62000000001,0.0,0.0,0.0,0.0
368,Services,90,2661126.0,1.9156250000000001,15293158.481250001,0.146,1554097.5839999998,0.10300000000000001,1370479.8900000001,0.06,798337.8,0.0,0.0,0.0,0.0
369,Entertainment/Public Assembly,90,6758709.0,2.348076923076923,47609905.89807693,0.125,3379354.5,0.08900000000000001,3007625.505,0.052000000000000005,1757264.34,0.0,0.0,0.0,0.0
370,Other,90,34867285.0,1.1956422018348623,125066392.228211,0.213,29706926.82,0.15100000000000002,26324800.175000004,0.08800000000000001,15341605.4,0.0,0.0,0.0,0.0
371,Refrigerated Warehouse,90,998685.0,0.7692307692307693,2304657.6923076925,0.038000000000000006,151800.12000000002,0.027000000000000003,134822.475,0.016,79894.8,0.0,0.0,0.0,0.0
372,Hotel,90,11825876.0,1.53125,54325117.875,0.22200000000000003,10501377.888000002,0.15700000000000003,9283312.660000002,0.09100000000000001,5380773.580000001,0.0,0.0,0.0,0.0
373,Office,90,72154877.0,0.7252699784017279,156995298.250108,0.063,18183029.004,0.044000000000000004,15874072.940000001,0.026000000000000002,9380134.010000002,0.0,0.0,0.0,0.0
374,Retail Store,90,4786162.0,1.0945205479452056,15715657.964383561,0.09100000000000001,1742162.968,0.064,1531571.84,0.038000000000000006,909370.78,0.0,0.0,0.0,0.0
375,Multifamily Housing,90,127818337.0,0.7061654948620877,270782697.60016227,0.071,36300407.708,0.065,41540959.525,0.046000000000000006,29398217.51,0.027000000000000003,17255475.495,0.0,0.0
376,K-12 School,90,11455031.0,1.2253521126760563,42109339.30985916,0.098,4490372.152,0.06899999999999999,3951985.6949999994,0.04000000000000001,2291006.2000000007,0.0,0.0,0.0,0.0
377,Worship Facility,90,2224925.0,1.3333333333333333,8899700.0,0.119,1059064.3,0.084,934468.5,0.049,545106.625,0.0,0.0,0.0,0.0
378,Self-Storage Facility,90,3716191.0,0.5725,6382558.0425,0.025,371619.10000000003,0.017,315876.235,0.010000000000000002,185809.55000000005,0.0,0.0,0.0,0.0
379,All Buildings,90,311941318.0,2.645008905101696,2475262691.93748,0.23178947368421052,289218855.67831576,0.16447368421052633,256530689.14473686,0.09636842105263158,150306461.38368422,0.0014210526315789475,2216425.1542105265,0.0,0.0
380,Laboratory,95,1110149.0,7.699999999999999,25644441.9,0.339,1505362.044,0.23950000000000002,1329403.4275000002,0.1395,774328.9275000001,0.0,0.0,0.0,0.0
381,Supermarket/Grocery Store,95,1916953.0,4.8297297297297295,27775094.683783785,0.17700000000000002,1357202.7240000002,0.125,1198095.625,0.073,699687.845,0.0,0.0,0.0,0.0
382,Hospital,95,7028814.0,6.992307692307692,147442890.60000002,0.256,7197505.536,0.18100000000000002,6361076.670000002,0.1055,3707699.385,0.0,0.0,0.0,0.0
383,Restaurant,95,214717.0,5.414285714285714,3487617.5571428565,0.2925,251218.88999999998,0.20650000000000002,221695.30250000005,0.12050000000000001,129366.99250000002,0.0,0.0,0.0,0.0
384,Fire/Police Station,95,250005.0,2.183333333333333,1637532.75,0.122,122002.44,0.08600000000000001,107502.15,0.05,62501.25,0.0,0.0,0.0,0.0
385,Recreation,95,1717834.0,3.1571428571428575,16270342.02857143,0.1625,1116592.1,0.1145,983459.9650000001,0.067,575474.39,0.0,0.0,0.0,0.0
386,College/University,95,20314790.0,3.694736842105263,225173409.15789473,0.14150000000000001,11498171.14,0.1,10157395.0,0.058499999999999996,5942076.074999999,0.0,0.0,0.0,0.0
387,Senior Living Community,95,120852.0,2.8666666666666667,1039327.2000000001,0.10600000000000001,51241.24800000001,0.07500000000000001,45319.50000000001,0.043500000000000004,26285.310000000005,0.0,0.0,0.0,0.0
388,Services,95,2661126.0,1.9156250000000001,15293158.481250001,0.073,777048.7919999999,0.051500000000000004,685239.9450000001,0.03,399168.9,0.0,0.0,0.0,0.0
389,Entertainment/Public Assembly,95,6758709.0,2.348076923076923,47609905.89807693,0.0625,1689677.25,0.044500000000000005,1503812.7525,0.026000000000000002,878632.17,0.0,0.0,0.0,0.0
390,Other,95,34867285.0,1.1956422018348623,125066392.228211,0.1065,14853463.41,0.07550000000000001,13162400.087500002,0.044000000000000004,7670802.7,0.0,0.0,0.0,0.0
391,Refrigerated Warehouse,95,998685.0,0.7692307692307693,2304657.6923076925,0.019000000000000003,75900.06000000001,0.013500000000000002,67411.2375,0.008,39947.4,0.0,0.0,0.0,0.0
392,Hotel,95,11825876.0,1.53125,54325117.875,0.11100000000000002,5250688.944000001,0.07850000000000001,4641656.330000001,0.045500000000000006,2690386.7900000005,0.0,0.0,0.0,0.0
393,Office,95,72154877.0,0.7252699784017279,156995298.250108,0.0315,9091514.502,0.022000000000000002,7937036.470000001,0.013000000000000001,4690067.005000001,0.0,0.0,0.0,0.0
394,Retail Store,95,4786162.0,1.0945205479452056,15715657.964383561,0.045500000000000006,871081.484,0.032,765785.92,0.019000000000000003,454685.39,0.0,0.0,0.0,0.0
395,Multifamily Housing,95,127818337.0,0.7061654948620877,270782697.60016227,0.0355,18150203.854,0.0325,20770479.7625,0.023000000000000003,14699108.755,0.013500000000000002,8627737.7475,0.0,0.0
396,K-12 School,95,11455031.0,1.2253521126760563,42109339.30985916,0.049,2245186.076,0.034499999999999996,1975992.8474999997,0.020000000000000004,1145503.1000000003,0.0,0.0,0.0,0.0
397,Worship Facility,95,2224925.0,1.3333333333333333,8899700.0,0.0595,529532.15,0.042,467234.25,0.0245,272553.3125,0.0,0.0,0.0,0.0
398,Self-Storage Facility,95,3716191.0,0.5725,6382558.0425,0.0125,185809.55000000002,0.0085,157938.1175,0.005000000000000001,92904.77500000002,0.0,0.0,0.0,0.0
399,All Buildings,95,311941318.0,2.645008905101696,2475262691.93748,0.11589473684210526,144609427.83915788,0.08223684210526316,128265344.57236843,0.04818421052631579,75153230.69184211,0.0007105263157894737,1108212.5771052632,0.0,0.0
400,Laboratory,100,1110149.0,7.699999999999999,25644441.9,0.0,0.0,0.0,0.0,0.0,0.0,0.0,0.0,0.0,0.0
401,Supermarket/Grocery Store,100,1916953.0,4.8297297297297295,27775094.683783785,0.0,0.0,0.0,0.0,0.0,0.0,0.0,0.0,0.0,0.0
402,Hospital,100,7028814.0,6.992307692307692,147442890.60000002,0.0,0.0,0.0,0.0,0.0,0.0,0.0,0.0,0.0,0.0
403,Restaurant,100,214717.0,5.414285714285714,3487617.5571428565,0.0,0.0,0.0,0.0,0.0,0.0,0.0,0.0,0.0,0.0
404,Fire/Police Station,100,250005.0,2.183333333333333,1637532.75,0.0,0.0,0.0,0.0,0.0,0.0,0.0,0.0,0.0,0.0
405,Recreation,100,1717834.0,3.1571428571428575,16270342.02857143,0.0,0.0,0.0,0.0,0.0,0.0,0.0,0.0,0.0,0.0
406,College/University,100,20314790.0,3.694736842105263,225173409.15789473,0.0,0.0,0.0,0.0,0.0,0.0,0.0,0.0,0.0,0.0
407,Senior Living Community,100,120852.0,2.8666666666666667,1039327.2000000001,0.0,0.0,0.0,0.0,0.0,0.0,0.0,0.0,0.0,0.0
408,Services,100,2661126.0,1.9156250000000001,15293158.481250001,0.0,0.0,0.0,0.0,0.0,0.0,0.0,0.0,0.0,0.0
409,Entertainment/Public Assembly,100,6758709.0,2.348076923076923,47609905.89807693,0.0,0.0,0.0,0.0,0.0,0.0,0.0,0.0,0.0,0.0
410,Other,100,34867285.0,1.1956422018348623,125066392.228211,0.0,0.0,0.0,0.0,0.0,0.0,0.0,0.0,0.0,0.0
411,Refrigerated Warehouse,100,998685.0,0.7692307692307693,2304657.6923076925,0.0,0.0,0.0,0.0,0.0,0.0,0.0,0.0,0.0,0.0
412,Hotel,100,11825876.0,1.53125,54325117.875,0.0,0.0,0.0,0.0,0.0,0.0,0.0,0.0,0.0,0.0
413,Office,100,72154877.0,0.7252699784017279,156995298.250108,0.0,0.0,0.0,0.0,0.0,0.0,0.0,0.0,0.0,0.0
414,Retail Store,100,4786162.0,1.0945205479452056,15715657.964383561,0.0,0.0,0.0,0.0,0.0,0.0,0.0,0.0,0.0,0.0
415,Multifamily Housing,100,127818337.0,0.7061654948620877,270782697.60016227,0.0,0.0,0.0,0.0,0.0,0.0,0.0,0.0,0.0,0.0
416,K-12 School,100,11455031.0,1.2253521126760563,42109339.30985916,0.0,0.0,0.0,0.0,0.0,0.0,0.0,0.0,0.0,0.0
417,Worship Facility,100,2224925.0,1.3333333333333333,8899700.0,0.0,0.0,0.0,0.0,0.0,0.0,0.0,0.0,0.0,0.0
418,Self-Storage Facility,100,3716191.0,0.5725,6382558.0425,0.0,0.0,0.0,0.0,0.0,0.0,0.0,0.0,0.0,0.0
419,All Buildings,100,311941318.0,2.645008905101696,2475262691.93748,0.0,0.0,0.0,0.0,0.0,0.0,0.0,0.0,0.0,0.0
